{"cameraMode":{"drawMode":0,"name":"Shaded","section":"Shading Mode"},"sceneLighting":false,"audioPlay":false,"sceneViewState":{"m_AlwaysRefresh":false,"showFog":true,"showSkybox":true,"showFlares":true,"showImageEffects":true,"showParticleSystems":true,"showVisualEffectGraphs":true,"m_FxEnabled":true},"in2DMode":false,"pivot":{"x":-9.724616050720215,"y":-0.2823560833930969,"z":2.6915388107299806},"rotation":{"x":0.017052071169018747,"y":0.9808659553527832,"z":-0.16665610671043397,"w":0.0997447744011879},"size":1.8600382804870606,"orthographic":false}