{"cameraMode":{"drawMode":0,"name":"Shaded","section":"Shading Mode"},"sceneLighting":false,"audioPlay":false,"sceneViewState":{"m_AlwaysRefresh":false,"showFog":true,"showSkybox":true,"showFlares":true,"showImageEffects":true,"showParticleSystems":true,"showVisualEffectGraphs":true,"m_FxEnabled":true},"in2DMode":false,"pivot":{"x":-14.056230545043946,"y":-0.08009202033281326,"z":5.612607002258301},"rotation":{"x":-0.06654874980449677,"y":0.9048160910606384,"z":-0.39146479964256289,"w":-0.15409551560878755},"size":1.8600382804870606,"orthographic":false}