{"cameraMode":{"drawMode":0,"name":"Shaded","section":"Shading Mode"},"sceneLighting":false,"audioPlay":false,"sceneViewState":{"m_AlwaysRefresh":false,"showFog":true,"showSkybox":true,"showFlares":true,"showImageEffects":true,"showParticleSystems":true,"showVisualEffectGraphs":true,"m_FxEnabled":true},"in2DMode":false,"pivot":{"x":-59.32792282104492,"y":-13.557350158691407,"z":-75.53801727294922},"rotation":{"x":0.024128736928105356,"y":-0.9516692757606506,"z":0.07755722105503082,"w":0.29633769392967226},"size":49.91272735595703,"orthographic":false}