{"cameraMode":{"drawMode":0,"name":"Shaded","section":"Shading Mode"},"sceneLighting":false,"audioPlay":false,"sceneViewState":{"m_AlwaysRefresh":false,"showFog":true,"showSkybox":false,"showFlares":true,"showImageEffects":true,"showParticleSystems":true,"showVisualEffectGraphs":true,"m_FxEnabled":true},"in2DMode":false,"pivot":{"x":-0.38487568497657778,"y":2.319922924041748,"z":0.9133071899414063},"rotation":{"x":-0.007703594863414764,"y":0.9920040965080261,"z":-0.07334159314632416,"w":-0.1028098315000534},"size":1.4177446365356446,"orthographic":false}