{"cameraMode":{"drawMode":0,"name":"Shaded","section":"Shading Mode"},"sceneLighting":true,"audioPlay":false,"sceneViewState":{"m_AlwaysRefresh":false,"showFog":true,"showSkybox":true,"showFlares":true,"showImageEffects":true,"showParticleSystems":true,"showVisualEffectGraphs":true,"m_FxEnabled":true},"in2DMode":false,"pivot":{"x":16.355552673339845,"y":-11.101065635681153,"z":-69.97566223144531},"rotation":{"x":-0.01630023866891861,"y":-0.9827612638473511,"z":0.10655272752046585,"w":-0.15032227337360383},"size":33.66123962402344,"orthographic":false}