{"cameraMode":{"drawMode":0,"name":"Shaded","section":"Shading Mode"},"sceneLighting":false,"audioPlay":false,"sceneViewState":{"m_AlwaysRefresh":false,"showFog":true,"showSkybox":true,"showFlares":true,"showImageEffects":true,"showParticleSystems":true,"showVisualEffectGraphs":true,"m_FxEnabled":false},"in2DMode":false,"pivot":{"x":-26.939748764038087,"y":1.6240077018737794,"z":-53.192832946777347},"rotation":{"x":-0.02694079466164112,"y":-0.8859337568283081,"z":-0.0518939271569252,"w":0.46019843220710757},"size":14.926840782165528,"orthographic":false}