{"cameraMode":{"drawMode":0,"name":"Shaded","section":"Shading Mode"},"sceneLighting":false,"audioPlay":false,"sceneViewState":{"m_AlwaysRefresh":false,"showFog":true,"showSkybox":true,"showFlares":true,"showImageEffects":true,"showParticleSystems":true,"showVisualEffectGraphs":true,"m_FxEnabled":false},"in2DMode":false,"pivot":{"x":-7.141427993774414,"y":0.37399378418922427,"z":1.2233667373657227},"rotation":{"x":-0.0039281900972127918,"y":0.9936625361442566,"z":-0.10712796449661255,"w":-0.03579922765493393},"size":4.803563594818115,"orthographic":false}