{"cameraMode":{"drawMode":0,"name":"Shaded","section":"Shading Mode"},"sceneLighting":false,"audioPlay":false,"sceneViewState":{"m_AlwaysRefresh":false,"showFog":true,"showSkybox":true,"showFlares":true,"showImageEffects":true,"showParticleSystems":true,"showVisualEffectGraphs":true,"m_FxEnabled":false},"in2DMode":false,"pivot":{"x":146.58180236816407,"y":10.94739055633545,"z":17.800762176513673},"rotation":{"x":0.0011384059907868505,"y":-0.7320588827133179,"z":0.001421407563611865,"w":0.681525468826294},"size":0.09488756209611893,"orthographic":false}