{"cameraMode":{"drawMode":0,"name":"Shaded","section":"Shading Mode"},"sceneLighting":false,"audioPlay":false,"sceneViewState":{"m_AlwaysRefresh":false,"showFog":true,"showSkybox":true,"showFlares":true,"showImageEffects":true,"showParticleSystems":true,"showVisualEffectGraphs":true,"m_FxEnabled":false},"in2DMode":false,"pivot":{"x":-0.15418417751789094,"y":-11.075592994689942,"z":-46.801578521728519},"rotation":{"x":0.0003017886192537844,"y":0.9955817461013794,"z":-0.09436333179473877,"w":0.0026787053793668749},"size":12.12435531616211,"orthographic":false}