{"cameraMode":{"drawMode":0,"name":"Shaded","section":"Shading Mode"},"sceneLighting":true,"audioPlay":false,"sceneViewState":{"m_AlwaysRefresh":false,"showFog":true,"showSkybox":true,"showFlares":true,"showImageEffects":true,"showParticleSystems":true,"showVisualEffectGraphs":true,"m_FxEnabled":false},"in2DMode":false,"pivot":{"x":-3.0552847385406496,"y":12.612478256225586,"z":16.624713897705079},"rotation":{"x":-0.0810445249080658,"y":-0.8806654214859009,"z":0.4378471374511719,"w":-0.16290943324565888},"size":1.2426328659057618,"orthographic":false}