{"cameraMode":{"drawMode":0,"name":"Shaded","section":"Shading Mode"},"sceneLighting":true,"audioPlay":false,"sceneViewState":{"m_AlwaysRefresh":false,"showFog":true,"showSkybox":true,"showFlares":true,"showImageEffects":true,"showParticleSystems":true,"showVisualEffectGraphs":true,"m_FxEnabled":false},"in2DMode":false,"pivot":{"x":-8.696438789367676,"y":0.13955967128276826,"z":12.34553337097168},"rotation":{"x":-0.47534358501434328,"y":0.010849062353372574,"z":-0.0053656455129384998,"w":-0.8798868060112},"size":1.6875190734863282,"orthographic":false}