{"cameraMode":{"drawMode":0,"name":"Shaded","section":"Shading Mode"},"sceneLighting":true,"audioPlay":false,"sceneViewState":{"m_AlwaysRefresh":false,"showFog":true,"showSkybox":true,"showFlares":true,"showImageEffects":true,"showParticleSystems":true,"showVisualEffectGraphs":true,"m_FxEnabled":false},"in2DMode":false,"pivot":{"x":3.922605514526367,"y":0.8784661293029785,"z":15.71075439453125},"rotation":{"x":-0.039341334253549579,"y":0.1658829003572464,"z":-0.006595642305910587,"w":-0.9853783845901489},"size":5.526291370391846,"orthographic":false}