{"cameraMode":{"drawMode":0,"name":"Shaded","section":"Shading Mode"},"sceneLighting":true,"audioPlay":false,"sceneViewState":{"m_AlwaysRefresh":false,"showFog":true,"showSkybox":true,"showFlares":true,"showImageEffects":true,"showParticleSystems":true,"showVisualEffectGraphs":true,"m_FxEnabled":false},"in2DMode":false,"pivot":{"x":14.887283325195313,"y":-545.1808471679688,"z":-630.1207275390625},"rotation":{"x":-0.015369726344943047,"y":-0.9271054863929749,"z":0.37411585450172427,"w":-0.01698153279721737},"size":437.76129150390627,"orthographic":false}