{"cameraMode":{"drawMode":0,"name":"Shaded","section":"Shading Mode"},"sceneLighting":false,"audioPlay":false,"sceneViewState":{"m_AlwaysRefresh":false,"showFog":true,"showSkybox":true,"showFlares":true,"showImageEffects":true,"showParticleSystems":true,"showVisualEffectGraphs":true,"m_FxEnabled":false},"in2DMode":false,"pivot":{"x":-48.882442474365237,"y":-25.503894805908204,"z":21.965852737426759},"rotation":{"x":-0.14783595502376557,"y":0.5007784962654114,"z":-0.08725056052207947,"w":-0.8483824729919434},"size":28.491043090820314,"orthographic":false}