{"cameraMode":{"drawMode":0,"name":"Shaded","section":"Shading Mode"},"sceneLighting":false,"audioPlay":false,"sceneViewState":{"m_AlwaysRefresh":false,"showFog":true,"showSkybox":true,"showFlares":true,"showImageEffects":true,"showParticleSystems":true,"showVisualEffectGraphs":true,"m_FxEnabled":false},"in2DMode":false,"pivot":{"x":-1.7082250118255616,"y":1.042865514755249,"z":-37.50593185424805},"rotation":{"x":-0.0038450986612588169,"y":-0.9784907698631287,"z":0.20640583336353303,"w":-0.01841597817838192},"size":0.6203016638755798,"orthographic":false}