{"cameraMode":{"drawMode":0,"name":"Shaded","section":"Shading Mode"},"sceneLighting":false,"audioPlay":false,"sceneViewState":{"m_AlwaysRefresh":false,"showFog":true,"showSkybox":true,"showFlares":true,"showImageEffects":true,"showParticleSystems":true,"showVisualEffectGraphs":true,"m_FxEnabled":true},"in2DMode":false,"pivot":{"x":73.96133422851563,"y":-0.26153019070625307,"z":-3.5987751483917238},"rotation":{"x":-0.03277157247066498,"y":0.9307668209075928,"z":-0.35386553406715395,"w":-0.0862409695982933},"size":12.461819648742676,"orthographic":false}