{"cameraMode":{"drawMode":0,"name":"Shaded","section":"Shading Mode"},"sceneLighting":true,"audioPlay":false,"sceneViewState":{"m_AlwaysRefresh":false,"showFog":true,"showSkybox":true,"showFlares":true,"showImageEffects":true,"showParticleSystems":true,"showVisualEffectGraphs":true,"m_FxEnabled":true},"in2DMode":false,"pivot":{"x":-5.253647327423096,"y":2.9277076721191408,"z":6.864890098571777},"rotation":{"x":0.024973805993795396,"y":0.7252786755561829,"z":-0.026347501203417779,"w":0.6875098347663879},"size":0.9205975532531738,"orthographic":false}