{"cameraMode":{"drawMode":0,"name":"Shaded","section":"Shading Mode"},"sceneLighting":false,"audioPlay":false,"sceneViewState":{"m_AlwaysRefresh":false,"showFog":true,"showSkybox":true,"showFlares":true,"showImageEffects":true,"showParticleSystems":true,"showVisualEffectGraphs":true,"m_FxEnabled":true},"in2DMode":false,"pivot":{"x":-8.718753814697266,"y":2.6009912490844728,"z":11.980119705200196},"rotation":{"x":0.0010720109567046166,"y":0.7009559869766235,"z":-0.001049717771820724,"w":0.7132394313812256},"size":0.694420337677002,"orthographic":false}