{"cameraMode":{"drawMode":0,"name":"Shaded","section":"Shading Mode"},"sceneLighting":false,"audioPlay":false,"sceneViewState":{"m_AlwaysRefresh":false,"showFog":true,"showSkybox":true,"showFlares":true,"showImageEffects":true,"showParticleSystems":true,"showVisualEffectGraphs":true,"m_FxEnabled":true},"in2DMode":false,"pivot":{"x":97.37217712402344,"y":-0.023448733612895013,"z":-28.870655059814454},"rotation":{"x":-0.005208606831729412,"y":-0.9873432517051697,"z":0.0328950434923172,"w":-0.1552335023880005},"size":20.064077377319337,"orthographic":false}