{"cameraMode":{"drawMode":0,"name":"Shaded","section":"Shading Mode"},"sceneLighting":false,"audioPlay":false,"sceneViewState":{"m_AlwaysRefresh":false,"showFog":true,"showSkybox":true,"showFlares":true,"showImageEffects":true,"showParticleSystems":true,"showVisualEffectGraphs":true,"m_FxEnabled":true},"in2DMode":false,"pivot":{"x":-8.364192962646485,"y":2.5024778842926027,"z":10.229360580444336},"rotation":{"x":-0.01031097024679184,"y":0.9370108246803284,"z":0.027838384732604028,"w":0.34812992811203005},"size":1.1822433471679688,"orthographic":false}